Node_ID,True_Label,Pred_Label,Confidence,Split
0,3,3,0.99663997,train
1,4,4,0.9961205,train
2,4,4,0.9826863,train
3,3,3,0.9780633,train
4,2,2,0.992092,train
5,0,0,0.9752818,train
6,3,3,0.9900586,train
7,2,2,0.997306,train
8,0,0,0.9772299,train
9,0,0,0.98530674,train
10,3,3,0.98336685,train
11,3,3,0.97763026,train
12,3,3,0.9859449,train
13,2,2,0.99015945,train
14,3,3,0.9929571,train
15,1,1,0.99816364,train
16,3,3,0.9943634,train
17,5,5,0.99258256,train
18,3,3,0.95600224,train
19,4,4,0.99662554,train
20,3,3,0.98996395,train
21,3,3,0.9843053,train
22,3,3,0.9764425,train
23,2,2,0.995466,train
24,4,4,0.9983949,train
25,3,3,0.9881236,train
26,0,0,0.96617395,train
27,4,4,0.99165183,train
28,2,2,0.99946886,train
29,0,0,0.97693276,train
30,1,1,0.9861487,train
31,5,5,0.9925222,train
32,4,4,0.97867554,train
33,4,4,0.9937255,train
34,3,3,0.9810564,train
35,6,6,0.98034084,train
36,6,6,0.9881969,train
37,4,4,0.9898084,train
38,3,3,0.98603016,train
39,2,2,0.9989347,train
40,5,5,0.9927448,train
41,3,3,0.98082274,train
42,4,4,0.97496253,train
43,5,5,0.9882053,train
44,3,3,0.96280146,train
45,0,0,0.9922903,train
46,2,2,0.9976471,train
47,1,1,0.99267477,train
48,4,4,0.9755493,train
49,6,6,0.98342645,train
50,3,3,0.98038644,train
51,2,2,0.9986965,train
52,2,2,0.99545336,train
53,0,0,0.92111075,train
54,0,0,0.9641739,train
55,0,0,0.985962,train
56,4,4,0.99634945,train
57,2,2,0.993995,train
58,0,0,0.93840355,train
59,5,5,0.9961702,train
60,2,2,0.996548,train
61,6,6,0.96416694,train
62,5,5,0.9975345,train
63,2,2,0.98735785,train
64,2,2,0.9976661,train
65,2,2,0.9894433,train
66,0,0,0.9520636,train
67,5,5,0.97875535,train
68,6,6,0.98028874,train
69,4,4,0.9844972,train
70,0,0,0.9736743,train
71,0,0,0.99692494,train
72,0,0,0.99224335,train
73,4,4,0.9934175,train
74,2,2,0.9919716,train
75,1,1,0.9711038,train
76,4,4,0.981655,train
77,6,6,0.9833452,train
78,0,0,0.90640825,train
79,4,4,0.97840834,train
80,2,2,0.9943065,train
81,4,4,0.9931919,train
82,6,6,0.9869703,train
83,0,0,0.9670641,train
84,0,0,0.96488804,train
85,6,6,0.99094135,train
86,5,5,0.9956275,train
87,0,0,0.9934669,train
88,0,0,0.9860774,train
89,2,2,0.99097323,train
90,1,1,0.96440744,train
91,1,1,0.9897809,train
92,1,1,0.99188215,train
93,2,2,0.99008757,train
94,5,5,0.9861092,train
95,1,1,0.9864906,train
96,2,2,0.9902964,train
97,2,2,0.9991303,train
98,1,1,0.98713684,train
99,5,5,0.99865687,train
100,5,5,0.9805371,train
101,5,5,0.9878584,train
102,6,6,0.9657876,train
103,6,6,0.9534815,train
104,5,5,0.9971528,train
105,5,5,0.99452657,train
106,1,1,0.9845398,train
107,1,1,0.98148376,train
108,5,5,0.99476886,train
109,1,1,0.9867272,train
110,5,5,0.99157095,train
111,5,5,0.99624485,train
112,5,5,0.9740717,train
113,1,1,0.9942714,train
114,5,5,0.9943718,train
115,1,1,0.9889038,train
116,1,1,0.98782593,train
117,1,1,0.9960049,train
118,1,1,0.9874978,train
119,1,1,0.9962574,train
120,1,1,0.9840596,train
121,1,1,0.99750346,train
122,4,4,0.62863576,val
123,3,4,0.6795511,val
124,0,0,0.9615225,val
125,3,3,0.9303561,val
126,0,0,0.6932158,val
127,3,5,0.30139697,val
128,4,4,0.62633544,val
129,0,0,0.9553525,val
130,3,3,0.89550316,val
131,4,4,0.57153076,val
132,4,4,0.95082694,val
133,1,1,0.98903847,val
134,2,2,0.98966014,val
135,2,2,0.9244744,val
136,2,2,0.9808667,val
137,3,3,0.76364,val
138,3,3,0.84951174,val
139,3,3,0.9185881,val
140,3,3,0.6191452,val
141,0,6,0.77666646,val
142,4,4,0.43541086,val
143,5,5,0.988946,val
144,0,0,0.5022931,val
145,3,3,0.97188896,val
146,4,4,0.7019359,val
147,3,3,0.96801,val
148,2,2,0.9961378,val
149,3,3,0.7251123,val
150,3,4,0.90363926,val
151,2,2,0.99195343,val
152,2,2,0.9932319,val
153,6,6,0.97947216,val
154,1,1,0.79405195,val
155,4,4,0.717589,val
156,3,3,0.9536392,val
157,3,3,0.7310251,val
158,3,3,0.94279826,val
159,6,6,0.975442,val
160,3,3,0.99310935,val
161,3,3,0.9536003,val
162,3,3,0.8732185,val
163,0,3,0.71037894,val
164,2,2,0.99774975,val
165,2,2,0.88963246,val
166,6,6,0.9249931,val
167,5,3,0.34266412,val
168,3,2,0.4855474,val
169,5,5,0.98894227,val
170,4,4,0.9799675,val
171,0,0,0.96478057,val
172,4,4,0.5095181,val
173,3,3,0.8325452,val
174,4,4,0.97222555,val
175,4,3,0.6003312,val
176,3,3,0.9287846,val
177,2,2,0.8814397,val
178,4,5,0.67436796,val
179,0,0,0.8031214,val
180,3,3,0.96222144,val
181,2,2,0.9633076,val
182,3,3,0.97699684,val
183,4,4,0.75206846,val
184,4,4,0.4104892,val
185,0,0,0.768225,val
186,3,3,0.7510647,val
187,0,0,0.47102043,val
188,3,3,0.6649356,val
189,3,3,0.8313398,val
190,4,4,0.9965138,val
191,3,3,0.9138706,val
192,3,3,0.85546064,val
193,5,5,0.7213006,val
194,2,2,0.62032425,val
195,2,2,0.9561948,val
196,4,3,0.7910842,val
197,3,3,0.90965456,val
198,2,2,0.9801753,val
199,2,2,0.9833334,val
200,3,3,0.93090105,val
201,3,3,0.9831371,val
202,3,3,0.718959,val
203,3,3,0.9524156,val
204,5,5,0.9814238,val
205,1,1,0.9355576,val
206,3,3,0.96836233,val
207,1,1,0.9688381,val
208,3,3,0.96427375,val
209,5,5,0.975243,val
210,0,0,0.79122806,val
211,3,4,0.98805815,val
212,5,5,0.9545695,val
213,0,0,0.6766613,val
214,4,4,0.96066177,val
215,2,2,0.68733466,val
216,4,4,0.891326,val
217,2,2,0.99204355,val
218,4,3,0.536092,val
219,5,5,0.9928973,val
220,3,3,0.9424115,val
221,5,5,0.8605852,val
222,3,3,0.91224337,val
223,3,3,0.5463657,val
224,4,6,0.4314143,val
225,3,4,0.91183037,val
226,0,0,0.99018705,val
227,4,4,0.9594796,val
228,0,2,0.8087015,val
229,3,3,0.9300717,val
230,6,6,0.8086765,val
231,2,2,0.9688761,val
232,5,5,0.9183112,val
233,5,5,0.9256498,val
234,5,5,0.2656514,val
235,3,3,0.49313238,val
236,2,1,0.65127015,val
237,3,3,0.9537488,val
238,0,0,0.87884337,val
239,4,4,0.878047,val
240,5,0,0.5343815,val
241,3,3,0.3779225,val
242,0,0,0.2858764,val
243,4,4,0.95813906,val
244,0,0,0.95138717,val
245,3,0,0.70030916,val
246,3,3,0.848993,val
247,0,0,0.68763787,val
248,0,0,0.7260256,val
249,3,3,0.8860052,val
250,5,5,0.9991304,val
251,4,4,0.62765753,val
252,3,6,0.66291475,val
253,4,4,0.9709328,val
254,3,3,0.44778815,val
255,2,2,0.913756,val
256,2,2,0.96180826,val
257,3,4,0.8959704,val
258,3,3,0.49609387,val
259,1,1,0.48322058,val
260,3,3,0.99406815,val
261,2,2,0.9960039,val
262,3,3,0.9644907,val
263,3,3,0.92209804,val
264,4,2,0.42695826,val
265,5,5,0.6808972,val
266,2,2,0.99590355,val
267,1,1,0.98720527,val
268,1,1,0.6863592,val
269,0,0,0.75083184,val
270,0,0,0.97553605,val
271,1,1,0.96072876,val
272,1,1,0.9176426,val
273,3,4,0.6483416,val
274,3,3,0.96457803,val
275,3,3,0.81333154,val
276,2,2,0.7421596,val
277,3,3,0.9796809,val
278,3,3,0.36907744,val
279,0,0,0.9917747,val
280,3,3,0.953089,val
281,4,5,0.74561286,val
282,1,1,0.7933042,val
283,3,2,0.9108952,val
284,4,3,0.6201443,val
285,3,3,0.96149254,val
286,2,2,0.98686606,val
287,0,4,0.5131635,val
288,0,0,0.25584733,val
289,4,4,0.40474144,val
290,2,2,0.99871063,val
291,3,3,0.99788266,val
292,2,2,0.9979253,val
293,1,1,0.8610331,val
294,4,4,0.85411376,val
295,6,6,0.5739695,val
296,3,4,0.8570815,val
297,2,2,0.83697444,val
298,0,0,0.8871832,val
299,3,3,0.9009631,val
300,3,3,0.90564054,val
301,2,2,0.9905964,val
302,3,3,0.7495318,val
303,4,4,0.5835727,val
304,4,4,0.7922336,val
305,2,2,0.9366238,val
306,1,5,0.8788013,val
307,3,3,0.89550567,val
308,5,5,0.9901157,val
309,3,3,0.85424966,val
310,2,2,0.997491,val
311,0,0,0.99044305,val
312,4,4,0.7237158,val
313,5,5,0.91538835,val
314,1,1,0.95066077,val
315,3,3,0.9761737,val
316,3,3,0.9965037,val
317,2,2,0.97386044,val
318,0,6,0.8208004,val
319,2,2,0.36235645,val
320,4,0,0.35403666,val
321,2,2,0.9893225,val
322,2,2,0.9878584,val
323,2,2,0.63566905,val
324,5,5,0.8739913,val
325,4,4,0.78272283,val
326,4,3,0.47424293,val
327,2,2,0.9956657,val
328,2,2,0.9676098,val
329,0,2,0.5424029,val
330,3,3,0.3091474,val
331,2,1,0.5551793,val
332,4,4,0.78579056,val
333,5,5,0.9967997,val
334,5,5,0.9979631,val
335,1,1,0.75127035,val
336,0,0,0.86327916,val
337,3,3,0.45818943,val
338,4,4,0.9675616,val
339,5,5,0.37051383,val
340,3,4,0.9243899,val
341,4,4,0.5158799,val
342,5,5,0.9954887,val
343,4,4,0.8734732,val
344,3,4,0.70903575,val
345,3,4,0.7634139,val
346,1,1,0.96751124,val
347,3,3,0.966561,val
348,3,4,0.3880153,val
349,5,4,0.5640277,val
350,2,2,0.65601665,val
351,2,2,0.98099744,val
352,5,5,0.9792043,val
353,5,5,0.96100414,val
354,4,4,0.45978692,val
355,3,3,0.942615,val
356,3,3,0.9891529,val
357,3,4,0.52936476,val
358,3,0,0.8834718,val
359,1,1,0.8675027,val
360,5,5,0.94585264,val
361,3,1,0.83681595,val
362,3,3,0.54561704,val
363,2,2,0.8955332,val
364,0,0,0.6303413,val
365,1,1,0.98202443,val
366,3,3,0.7361884,val
367,0,0,0.9925925,val
368,1,1,0.6105261,val
369,5,5,0.94971776,val
370,3,1,0.5448833,val
371,6,6,0.9823545,val
372,3,4,0.23363343,val
373,6,5,0.6182601,val
374,0,0,0.76072866,val
375,3,3,0.41692248,val
376,3,1,0.4682945,val
377,3,3,0.944536,val
378,5,5,0.9645671,val
379,4,3,0.63216895,val
380,3,3,0.7907171,val
381,0,0,0.9869783,val
382,5,5,0.8739496,val
383,2,2,0.9947239,val
384,1,1,0.98786026,val
385,2,2,0.9282157,val
386,4,4,0.77914685,val
387,4,4,0.9205614,val
388,4,4,0.8529255,val
389,3,3,0.53265536,val
390,3,4,0.8438079,val
391,0,0,0.99311674,val
392,4,3,0.57376426,val
393,3,5,0.72785705,val
394,0,5,0.60187703,val
395,5,4,0.71885055,val
396,2,2,0.9906035,val
397,0,0,0.760212,val
398,5,5,0.93810815,val
399,4,4,0.9385456,val
400,4,3,0.7277501,val
401,4,4,0.46653292,val
402,3,3,0.87722903,val
403,0,6,0.9636798,val
404,6,6,0.9423474,val
405,5,5,0.84059024,val
406,2,2,0.86369574,val
407,4,4,0.83579344,val
408,5,5,0.995732,val
409,1,1,0.9806152,val
410,3,3,0.5214129,val
411,5,0,0.47363976,val
412,3,3,0.59024084,val
413,0,0,0.61287355,val
414,3,3,0.85093427,val
415,5,5,0.98827213,val
416,1,1,0.9711089,val
417,1,2,0.38379937,val
418,0,5,0.6281587,val
419,4,4,0.8437365,val
420,2,2,0.8640601,val
421,6,3,0.42237043,val
422,2,2,0.9983804,val
423,0,3,0.3433323,val
424,5,5,0.86856407,val
425,3,3,0.46825287,val
426,4,4,0.93749756,val
427,6,6,0.43469438,val
428,5,5,0.9594552,val
429,3,4,0.892896,val
430,0,0,0.9278445,val
431,1,1,0.5821393,val
432,0,5,0.6817087,val
433,5,5,0.9673058,val
434,2,3,0.8606061,val
435,2,2,0.6883519,val
436,3,3,0.70715994,val
437,5,5,0.92692393,val
438,1,1,0.965165,val
439,0,0,0.96768427,val
440,3,3,0.9185568,val
441,1,1,0.9776063,val
442,4,4,0.28842318,val
443,2,2,0.92526114,val
444,5,0,0.4965207,val
445,6,6,0.9302251,val
446,4,4,0.7065924,val
447,2,2,0.4456788,val
448,2,2,0.9228813,val
449,0,6,0.3926848,val
450,0,0,0.77184343,val
451,4,0,0.5254159,val
452,6,6,0.3981668,val
453,3,3,0.77505535,val
454,2,2,0.99961567,val
455,0,6,0.61751056,val
456,3,4,0.9701726,val
457,6,6,0.5074665,val
458,1,1,0.9762601,val
459,6,0,0.746435,val
460,3,3,0.88823634,val
461,1,1,0.9439742,val
462,3,3,0.96300226,val
463,3,3,0.31443825,val
464,3,3,0.6624529,val
465,3,4,0.80754966,val
466,2,2,0.895171,val
467,5,5,0.9241558,val
468,4,4,0.51673394,val
469,5,0,0.3374147,val
470,5,1,0.29085055,val
471,3,0,0.5329261,val
472,1,1,0.629538,val
473,3,3,0.8850004,val
474,4,0,0.87994325,val
475,4,4,0.77316236,val
476,2,2,0.91984236,val
477,0,0,0.9880363,val
478,2,2,0.9165569,val
479,0,0,0.98885673,val
480,5,5,0.40573993,val
481,4,4,0.81822187,val
482,0,0,0.41718155,val
483,0,3,0.8712851,val
484,3,3,0.9243577,val
485,2,2,0.9880377,val
486,2,2,0.9895852,val
487,2,2,0.94441813,val
488,2,2,0.5927154,val
489,6,6,0.64183205,val
490,5,5,0.99820673,val
491,5,5,0.9811567,val
492,1,1,0.97247916,val
493,0,4,0.74017346,val
494,0,0,0.35932583,val
495,3,3,0.9182416,val
496,3,3,0.8181384,val
497,1,1,0.25445896,val
498,3,3,0.7886092,val
499,6,6,0.9947693,val
500,6,6,0.46717203,val
501,2,2,0.97514254,val
502,3,3,0.29612115,val
503,3,1,0.35975307,val
504,3,0,0.52944547,val
505,1,1,0.86867493,val
506,2,2,0.9877017,val
507,2,2,0.88960475,val
508,5,5,0.9929264,val
509,3,3,0.7853671,val
510,2,2,0.9770578,val
511,1,1,0.9565501,val
512,2,2,0.9801522,val
513,2,2,0.8583252,val
514,3,3,0.68121445,val
515,2,2,0.908418,val
516,3,3,0.97939557,val
517,2,2,0.8742596,val
518,3,3,0.68681204,val
519,3,0,0.582037,val
520,0,0,0.5348807,val
521,5,5,0.5843572,val
522,3,4,0.9701726,val
523,3,3,0.97341996,val
524,3,4,0.9227751,val
525,4,3,0.77296406,val
526,5,0,0.39528015,val
527,3,3,0.91363907,val
528,2,2,0.98673844,val
529,1,5,0.370463,val
530,4,4,0.61571044,val
531,4,4,0.71142817,val
532,0,0,0.97191715,val
533,4,4,0.98476946,val
534,1,1,0.947356,val
535,3,5,0.6100529,val
536,0,4,0.61782116,val
537,4,4,0.57308507,val
538,6,5,0.38849565,val
539,3,3,0.80395687,val
540,6,6,0.8700622,val
541,3,0,0.67747265,val
542,3,3,0.8925527,val
543,3,3,0.9510077,val
544,6,6,0.3429036,val
545,3,3,0.8255155,val
546,4,4,0.5356223,val
547,3,3,0.6060922,val
548,6,6,0.80105764,val
549,3,4,0.6733182,val
550,0,3,0.81362754,val
551,3,3,0.50265837,val
552,1,1,0.93779844,val
553,2,2,0.99465734,val
554,5,5,0.73242,val
555,5,5,0.9612975,val
556,2,2,0.98591775,val
557,0,2,0.33972567,val
558,2,2,0.9834622,val
559,2,2,0.9987134,val
560,3,4,0.94533354,val
561,3,3,0.49851573,val
562,0,0,0.61420715,val
563,3,3,0.49849778,val
564,5,5,0.98629344,val
565,3,3,0.91186917,val
566,4,4,0.6173564,val
567,0,0,0.61620826,val
568,2,2,0.85107654,val
569,4,4,0.9633271,val
570,5,2,0.96914524,val
571,2,2,0.9883841,val
572,3,5,0.96771395,val
573,2,2,0.76871663,val
574,2,2,0.93988544,val
575,3,3,0.9942913,val
576,5,5,0.7515141,val
577,0,0,0.97725904,val
578,3,3,0.93779236,val
579,4,4,0.8611585,val
580,3,3,0.973945,val
581,3,3,0.9010262,unassigned
582,0,4,0.6356202,unassigned
583,5,5,0.9319083,unassigned
584,5,0,0.5854376,unassigned
585,5,5,0.47015327,unassigned
586,5,5,0.99938524,unassigned
587,5,5,0.9856581,unassigned
588,5,5,0.96077555,unassigned
589,3,3,0.91909844,unassigned
590,2,2,0.72585326,unassigned
591,0,4,0.5539172,unassigned
592,4,4,0.9928423,unassigned
593,4,4,0.9976586,unassigned
594,1,1,0.98227763,unassigned
595,1,1,0.5779192,unassigned
596,2,2,0.73986244,unassigned
597,3,3,0.5361261,unassigned
598,0,6,0.9565744,unassigned
599,1,1,0.99557436,unassigned
600,5,5,0.96500134,unassigned
601,6,5,0.38803008,unassigned
602,3,3,0.8899442,unassigned
603,4,4,0.94689244,unassigned
604,0,0,0.8595647,unassigned
605,0,4,0.46417743,unassigned
606,5,5,0.77874947,unassigned
607,3,3,0.87980896,unassigned
608,3,2,0.2752048,unassigned
609,5,5,0.99378043,unassigned
610,2,2,0.30402914,unassigned
611,3,3,0.8917685,unassigned
612,3,4,0.40663844,unassigned
613,4,4,0.67102504,unassigned
614,5,5,0.97626615,unassigned
615,3,4,0.40897208,unassigned
616,0,4,0.43597627,unassigned
617,0,0,0.6356833,unassigned
618,3,3,0.96928734,unassigned
619,6,5,0.6180506,unassigned
620,1,1,0.9026496,unassigned
621,2,2,0.99214476,unassigned
622,1,1,0.5006949,unassigned
623,2,2,0.9998161,unassigned
624,2,2,0.9240859,unassigned
625,4,4,0.40114623,unassigned
626,2,2,0.99246854,unassigned
627,3,3,0.65070194,unassigned
628,4,4,0.9731461,unassigned
629,0,0,0.9021091,unassigned
630,5,5,0.9109311,unassigned
631,3,3,0.7358907,unassigned
632,3,0,0.65270823,unassigned
633,3,3,0.99666923,unassigned
634,4,4,0.9908504,unassigned
635,3,1,0.53945714,unassigned
636,5,5,0.97673106,unassigned
637,6,0,0.98093283,unassigned
638,5,5,0.9842129,unassigned
639,2,2,0.6104384,unassigned
640,4,4,0.9636514,unassigned
641,4,4,0.99281925,unassigned
642,0,0,0.97350097,unassigned
643,3,3,0.52364886,unassigned
644,5,5,0.83354795,unassigned
645,3,3,0.8892589,unassigned
646,0,5,0.50791943,unassigned
647,6,6,0.8631605,unassigned
648,4,3,0.505984,unassigned
649,4,4,0.9977837,unassigned
650,3,3,0.9103918,unassigned
651,0,3,0.45424953,unassigned
652,0,0,0.7787768,unassigned
653,1,1,0.84064656,unassigned
654,5,5,0.9956856,unassigned
655,3,3,0.804121,unassigned
656,2,2,0.99353504,unassigned
657,6,6,0.31072852,unassigned
658,0,0,0.63025886,unassigned
659,4,4,0.7119031,unassigned
660,3,3,0.64215034,unassigned
661,5,0,0.7454753,unassigned
662,3,3,0.8858937,unassigned
663,0,0,0.9406613,unassigned
664,0,0,0.49649894,unassigned
665,2,2,0.98783034,unassigned
666,0,3,0.62870336,unassigned
667,0,0,0.97754264,unassigned
668,5,5,0.97560877,unassigned
669,0,0,0.94404817,unassigned
670,5,5,0.9142377,unassigned
671,0,3,0.7378619,unassigned
672,5,5,0.95488846,unassigned
673,4,4,0.64287215,unassigned
674,1,1,0.9058255,unassigned
675,2,2,0.52310294,unassigned
676,3,3,0.41600984,unassigned
677,2,2,0.9846036,unassigned
678,3,3,0.38500768,unassigned
679,3,3,0.95135385,unassigned
680,5,5,0.9977168,unassigned
681,2,2,0.76882386,unassigned
682,4,0,0.8004585,unassigned
683,5,5,0.92853695,unassigned
684,0,0,0.93566966,unassigned
685,2,2,0.43443176,unassigned
686,0,5,0.92465246,unassigned
687,2,2,0.9908024,unassigned
688,5,5,0.49581626,unassigned
689,3,4,0.94934124,unassigned
690,2,2,0.98545086,unassigned
691,2,2,0.99873275,unassigned
692,4,4,0.7229257,unassigned
693,2,3,0.96658707,unassigned
694,4,4,0.8343557,unassigned
695,2,2,0.9559925,unassigned
696,0,0,0.926015,unassigned
697,2,2,0.9858866,unassigned
698,3,3,0.81371224,unassigned
699,3,3,0.6530087,unassigned
700,0,1,0.7305225,unassigned
701,3,2,0.9944248,unassigned
702,0,0,0.66953355,unassigned
703,3,3,0.94363874,unassigned
704,0,4,0.5764864,unassigned
705,6,5,0.45369402,unassigned
706,1,1,0.5515798,unassigned
707,3,3,0.9534948,unassigned
708,4,3,0.6697858,unassigned
709,0,0,0.8715168,unassigned
710,6,6,0.76570934,unassigned
711,6,6,0.6897889,unassigned
712,3,3,0.9296354,unassigned
713,4,4,0.7603849,unassigned
714,4,4,0.92772466,unassigned
715,3,3,0.87043995,unassigned
716,3,3,0.51678616,unassigned
717,4,4,0.85933024,unassigned
718,3,3,0.9558777,unassigned
719,4,4,0.98506004,unassigned
720,3,3,0.78524,unassigned
721,3,4,0.6587172,unassigned
722,3,3,0.6717788,unassigned
723,5,5,0.9460265,unassigned
724,0,3,0.5123312,unassigned
725,3,3,0.76658815,unassigned
726,2,2,0.9921085,unassigned
727,2,2,0.95690423,unassigned
728,4,5,0.49876305,unassigned
729,3,3,0.8754147,unassigned
730,2,2,0.7733931,unassigned
731,5,5,0.98313856,unassigned
732,4,1,0.7732612,unassigned
733,5,6,0.585292,unassigned
734,4,4,0.9697416,unassigned
735,4,4,0.98948705,unassigned
736,2,2,0.95242727,unassigned
737,5,5,0.9849015,unassigned
738,4,4,0.9254612,unassigned
739,0,5,0.26884407,unassigned
740,4,4,0.74335814,unassigned
741,3,3,0.99260676,unassigned
742,3,3,0.94430405,unassigned
743,4,4,0.59879607,unassigned
744,4,4,0.49749875,unassigned
745,0,4,0.48171014,unassigned
746,5,5,0.9203646,unassigned
747,2,2,0.8715054,unassigned
748,3,0,0.7050723,unassigned
749,2,2,0.8347814,unassigned
750,2,2,0.9389733,unassigned
751,5,0,0.68353254,unassigned
752,2,2,0.9840419,unassigned
753,2,2,0.84124404,unassigned
754,2,2,0.99541265,unassigned
755,5,5,0.94812524,unassigned
756,3,0,0.476386,unassigned
757,4,6,0.41171053,unassigned
758,1,3,0.5438656,unassigned
759,6,6,0.9245796,unassigned
760,1,1,0.91989326,unassigned
761,3,3,0.9746346,unassigned
762,1,1,0.97205913,unassigned
763,3,3,0.9941246,unassigned
764,3,3,0.6329595,unassigned
765,4,4,0.8677914,unassigned
766,0,0,0.57425326,unassigned
767,0,0,0.98019373,unassigned
768,5,5,0.9877082,unassigned
769,3,4,0.54447865,unassigned
770,0,6,0.9373735,unassigned
771,3,1,0.833487,unassigned
772,5,5,0.9610886,unassigned
773,3,3,0.96109915,unassigned
774,3,3,0.5115995,unassigned
775,6,0,0.6191233,unassigned
776,2,2,0.936641,unassigned
777,4,3,0.80007404,unassigned
778,6,6,0.75762314,unassigned
779,0,0,0.6451842,unassigned
780,0,5,0.6605713,unassigned
781,2,2,0.9976477,unassigned
782,4,5,0.90823126,unassigned
783,3,3,0.9459821,unassigned
784,4,4,0.87328553,unassigned
785,4,5,0.5001155,unassigned
786,0,0,0.96317345,unassigned
787,2,2,0.5211693,unassigned
788,2,2,0.59008384,unassigned
789,0,0,0.8365439,unassigned
790,4,4,0.95741427,unassigned
791,0,4,0.68011445,unassigned
792,1,1,0.9926878,unassigned
793,3,4,0.51707566,unassigned
794,3,3,0.9808441,unassigned
795,2,2,0.9459633,unassigned
796,3,6,0.293891,unassigned
797,3,3,0.9409933,unassigned
798,3,3,0.7006473,unassigned
799,2,2,0.9673102,unassigned
800,4,0,0.5154341,unassigned
801,0,3,0.31152976,unassigned
802,3,3,0.956047,unassigned
803,3,3,0.78222704,unassigned
804,1,2,0.53204566,unassigned
805,3,3,0.9700351,unassigned
806,5,5,0.7640173,unassigned
807,3,4,0.5151638,unassigned
808,0,6,0.44640306,unassigned
809,2,2,0.9755433,unassigned
810,2,2,0.99901175,unassigned
811,2,2,0.9899328,unassigned
812,4,4,0.9416311,unassigned
813,5,5,0.4918974,unassigned
814,3,3,0.96309185,unassigned
815,1,1,0.86614686,unassigned
816,0,5,0.3285127,unassigned
817,2,2,0.7978394,unassigned
818,5,5,0.9979215,unassigned
819,6,6,0.8262784,unassigned
820,3,3,0.8508847,unassigned
821,4,4,0.87940574,unassigned
822,3,3,0.73303974,unassigned
823,0,0,0.7938764,unassigned
824,5,3,0.32118288,unassigned
825,0,0,0.6482884,unassigned
826,3,3,0.90609044,unassigned
827,3,3,0.9870565,unassigned
828,0,0,0.49520048,unassigned
829,2,2,0.9979595,unassigned
830,5,6,0.732547,unassigned
831,5,5,0.9931966,unassigned
832,2,2,0.5061336,unassigned
833,4,3,0.73923224,unassigned
834,6,6,0.82685137,unassigned
835,6,6,0.63040125,unassigned
836,3,3,0.71725994,unassigned
837,1,1,0.9561817,unassigned
838,4,4,0.90954894,unassigned
839,4,4,0.8294065,unassigned
840,5,5,0.84627604,unassigned
841,3,3,0.82180375,unassigned
842,2,2,0.80029535,unassigned
843,3,3,0.8552694,unassigned
844,3,3,0.8050972,unassigned
845,2,2,0.9999659,unassigned
846,3,3,0.6742384,unassigned
847,6,6,0.96209365,unassigned
848,4,4,0.954247,unassigned
849,3,3,0.585657,unassigned
850,4,4,0.64841104,unassigned
851,5,5,0.5885379,unassigned
852,3,3,0.99685645,unassigned
853,3,3,0.9936905,unassigned
854,3,3,0.9925702,unassigned
855,2,2,0.999522,unassigned
856,2,2,0.7439778,unassigned
857,2,2,0.9842434,unassigned
858,4,4,0.78962755,unassigned
859,5,5,0.9648597,unassigned
860,2,2,0.97401726,unassigned
861,1,1,0.7572545,unassigned
862,3,3,0.39102414,unassigned
863,5,5,0.56497043,unassigned
864,5,5,0.28993776,unassigned
865,3,3,0.8146876,unassigned
866,4,1,0.8114872,unassigned
867,3,3,0.46780813,unassigned
868,1,5,0.5134207,unassigned
869,4,4,0.89842504,unassigned
870,0,3,0.8459982,unassigned
871,4,4,0.55214286,unassigned
872,6,6,0.7886026,unassigned
873,2,2,0.9992231,unassigned
874,3,1,0.35863465,unassigned
875,6,6,0.9592414,unassigned
876,4,4,0.61323816,unassigned
877,2,2,0.8525,unassigned
878,1,1,0.88201016,unassigned
879,3,3,0.85809493,unassigned
880,3,3,0.8337685,unassigned
881,3,3,0.92668474,unassigned
882,4,4,0.9762322,unassigned
883,0,0,0.97151494,unassigned
884,0,0,0.96755177,unassigned
885,0,0,0.7333376,unassigned
886,1,1,0.76213986,unassigned
887,2,2,0.74729204,unassigned
888,2,2,0.9989992,unassigned
889,5,5,0.9890057,unassigned
890,3,3,0.9790749,unassigned
891,5,5,0.91213566,unassigned
892,0,0,0.91593426,unassigned
893,2,2,0.98575634,unassigned
894,2,2,0.9773572,unassigned
895,2,2,0.99554294,unassigned
896,3,3,0.42356628,unassigned
897,1,1,0.9689904,unassigned
898,3,3,0.7158556,unassigned
899,3,3,0.8675176,unassigned
900,4,4,0.71812934,unassigned
901,4,4,0.96809846,unassigned
902,2,2,0.9091496,unassigned
903,3,2,0.6508196,unassigned
904,3,4,0.4503032,unassigned
905,0,6,0.54081523,unassigned
906,3,3,0.7977085,unassigned
907,0,6,0.5221048,unassigned
908,6,0,0.9676816,unassigned
909,3,4,0.61054254,unassigned
910,5,3,0.558164,unassigned
911,4,4,0.64471424,unassigned
912,3,3,0.9788898,unassigned
913,2,2,0.9961243,unassigned
914,2,2,0.9981674,unassigned
915,3,3,0.98584765,unassigned
916,3,3,0.6944651,unassigned
917,2,2,0.9662452,unassigned
918,3,3,0.8196462,unassigned
919,0,0,0.98275095,unassigned
920,2,2,0.9647878,unassigned
921,0,0,0.812835,unassigned
922,1,1,0.909099,unassigned
923,4,4,0.73699677,unassigned
924,1,1,0.8998626,unassigned
925,4,4,0.4420898,unassigned
926,0,6,0.85777164,unassigned
927,3,3,0.64601755,unassigned
928,4,4,0.5080809,unassigned
929,3,3,0.8655929,unassigned
930,3,4,0.79161,unassigned
931,4,4,0.98547375,unassigned
932,3,3,0.73425967,unassigned
933,3,3,0.93908626,unassigned
934,4,3,0.5368627,unassigned
935,5,5,0.97743,unassigned
936,3,3,0.89758205,unassigned
937,0,0,0.7050655,unassigned
938,3,3,0.83849883,unassigned
939,6,6,0.4573822,unassigned
940,5,5,0.9906317,unassigned
941,5,6,0.90195894,unassigned
942,2,2,0.6078862,unassigned
943,3,3,0.98307645,unassigned
944,2,2,0.93077636,unassigned
945,2,2,0.8005018,unassigned
946,2,2,0.81148237,unassigned
947,2,2,0.9885689,unassigned
948,5,5,0.47764936,unassigned
949,2,2,0.99913126,unassigned
950,2,2,0.99469405,unassigned
951,0,0,0.8615876,unassigned
952,5,3,0.9508205,unassigned
953,1,1,0.83321095,unassigned
954,4,4,0.9658766,unassigned
955,0,0,0.95533645,unassigned
956,3,3,0.96318585,unassigned
957,4,4,0.92217326,unassigned
958,4,4,0.83467317,unassigned
959,3,3,0.91233003,unassigned
960,3,3,0.7455478,unassigned
961,3,3,0.89804626,unassigned
962,3,3,0.89452857,unassigned
963,3,3,0.82389355,unassigned
964,0,0,0.62910926,unassigned
965,5,5,0.8928614,unassigned
966,4,4,0.6774624,unassigned
967,3,3,0.8594233,unassigned
968,4,4,0.45365044,unassigned
969,4,3,0.5319706,unassigned
970,3,1,0.92996925,unassigned
971,3,2,0.7008225,unassigned
972,2,2,0.95653987,unassigned
973,4,4,0.89836,unassigned
974,0,0,0.93816227,unassigned
975,2,5,0.5571918,unassigned
976,4,4,0.8054244,unassigned
977,2,5,0.5580634,unassigned
978,3,3,0.7193924,unassigned
979,6,6,0.93676436,unassigned
980,3,3,0.95745164,unassigned
981,6,6,0.95990425,unassigned
982,5,2,0.812329,unassigned
983,0,4,0.6191125,unassigned
984,0,4,0.5064288,unassigned
985,3,3,0.6457893,unassigned
986,4,4,0.88516736,unassigned
987,4,4,0.96147305,unassigned
988,0,3,0.98100156,unassigned
989,3,3,0.5599747,unassigned
990,6,6,0.36602908,unassigned
991,3,3,0.91214925,unassigned
992,4,4,0.90238035,unassigned
993,1,1,0.8685364,unassigned
994,1,1,0.9408828,unassigned
995,3,3,0.9753142,unassigned
996,3,3,0.95049876,unassigned
997,3,3,0.7277521,unassigned
998,3,3,0.9754547,unassigned
999,4,4,0.98474914,unassigned
1000,3,3,0.99254555,unassigned
1001,3,1,0.60779095,unassigned
1002,4,4,0.9294171,unassigned
1003,3,3,0.90384305,unassigned
1004,3,3,0.9487891,unassigned
1005,3,3,0.69525284,unassigned
1006,3,3,0.9507529,unassigned
1007,4,4,0.40348506,unassigned
1008,2,2,0.98438615,unassigned
1009,0,0,0.5365179,unassigned
1010,5,0,0.42141595,unassigned
1011,3,3,0.78383124,unassigned
1012,3,3,0.7159652,unassigned
1013,4,4,0.8014146,unassigned
1014,0,5,0.41391686,unassigned
1015,4,3,0.45996088,unassigned
1016,5,5,0.9817359,unassigned
1017,2,2,0.9498282,unassigned
1018,4,4,0.64749724,unassigned
1019,3,3,0.9342328,unassigned
1020,0,0,0.9969952,unassigned
1021,0,0,0.9408239,unassigned
1022,3,4,0.4833806,unassigned
1023,0,6,0.37426466,unassigned
1024,3,3,0.70183283,unassigned
1025,5,5,0.99172556,unassigned
1026,2,2,0.9956279,unassigned
1027,3,3,0.914528,unassigned
1028,0,0,0.63616586,unassigned
1029,3,3,0.98428714,unassigned
1030,3,3,0.3091474,unassigned
1031,5,5,0.5008895,unassigned
1032,4,3,0.7309625,unassigned
1033,3,3,0.99423534,unassigned
1034,3,0,0.36767069,unassigned
1035,3,3,0.8845958,unassigned
1036,5,5,0.9877028,unassigned
1037,3,3,0.99188715,unassigned
1038,4,4,0.7928091,unassigned
1039,2,2,0.71979237,unassigned
1040,0,0,0.69843996,unassigned
1041,4,4,0.9528588,unassigned
1042,0,0,0.9924871,unassigned
1043,1,0,0.57879215,unassigned
1044,4,4,0.90730065,unassigned
1045,1,5,0.806829,unassigned
1046,4,4,0.5072514,unassigned
1047,1,1,0.9360795,unassigned
1048,2,2,0.9897441,unassigned
1049,1,1,0.98532516,unassigned
1050,3,3,0.9259547,unassigned
1051,2,2,0.9900919,unassigned
1052,2,2,0.974053,unassigned
1053,2,2,0.99464756,unassigned
1054,3,3,0.75545585,unassigned
1055,0,0,0.7830983,unassigned
1056,4,4,0.8710423,unassigned
1057,2,2,0.97528434,unassigned
1058,2,2,0.9923639,unassigned
1059,0,4,0.70359206,unassigned
1060,4,4,0.87494266,unassigned
1061,1,1,0.9279145,unassigned
1062,3,3,0.7168474,unassigned
1063,3,3,0.5441524,unassigned
1064,2,2,0.9892153,unassigned
1065,4,4,0.9773356,unassigned
1066,6,6,0.50222546,unassigned
1067,2,2,0.9928226,unassigned
1068,3,2,0.5747155,unassigned
1069,5,5,0.67413646,unassigned
1070,5,5,0.99204296,unassigned
1071,2,2,0.99622273,unassigned
1072,3,3,0.80693233,unassigned
1073,0,0,0.73139524,unassigned
1074,2,2,0.94047624,unassigned
1075,0,0,0.71399564,unassigned
1076,3,2,0.6903094,unassigned
1077,3,3,0.98598564,unassigned
1078,3,3,0.9765321,unassigned
1079,4,0,0.6538639,unassigned
1080,5,5,0.96333605,unassigned
1081,1,1,0.87438434,unassigned
1082,5,5,0.9478727,unassigned
1083,5,5,0.87266743,unassigned
1084,5,5,0.97674733,unassigned
1085,3,3,0.8591764,unassigned
1086,3,3,0.62781405,unassigned
1087,0,0,0.7468852,unassigned
1088,0,0,0.7528582,unassigned
1089,2,2,0.88137424,unassigned
1090,5,5,0.9982646,unassigned
1091,3,3,0.5003557,unassigned
1092,3,4,0.33437386,unassigned
1093,1,1,0.95718515,unassigned
1094,4,4,0.79714084,unassigned
1095,0,0,0.5920296,unassigned
1096,4,1,0.7955558,unassigned
1097,1,1,0.61583006,unassigned
1098,0,3,0.40518612,unassigned
1099,2,2,0.8578922,unassigned
1100,3,3,0.93249017,unassigned
1101,3,3,0.8717273,unassigned
1102,4,4,0.9869436,unassigned
1103,0,5,0.8215821,unassigned
1104,1,0,0.7604314,unassigned
1105,2,2,0.95287496,unassigned
1106,4,4,0.69174933,unassigned
1107,4,4,0.43131116,unassigned
1108,2,2,0.99669814,unassigned
1109,3,4,0.5282597,unassigned
1110,3,3,0.7947694,unassigned
1111,3,3,0.60598606,unassigned
1112,2,2,0.98458326,unassigned
1113,6,0,0.76020044,unassigned
1114,2,2,0.95386726,unassigned
1115,3,3,0.9718797,unassigned
1116,0,0,0.8700252,unassigned
1117,3,4,0.63870835,unassigned
1118,0,0,0.94549996,unassigned
1119,3,3,0.95997477,unassigned
1120,5,5,0.5685982,unassigned
1121,3,3,0.9723638,unassigned
1122,0,0,0.35206813,unassigned
1123,3,3,0.92072666,unassigned
1124,5,5,0.99245477,unassigned
1125,5,5,0.99288356,unassigned
1126,0,3,0.7388865,unassigned
1127,2,2,0.9376973,unassigned
1128,4,4,0.5953465,unassigned
1129,0,3,0.8569316,unassigned
1130,4,4,0.9894162,unassigned
1131,4,3,0.89333266,unassigned
1132,5,5,0.9466071,unassigned
1133,2,2,0.9996588,unassigned
1134,3,3,0.4143458,unassigned
1135,4,4,0.94565505,unassigned
1136,3,3,0.97990716,unassigned
1137,3,3,0.93890625,unassigned
1138,2,2,0.9981888,unassigned
1139,1,3,0.38292632,unassigned
1140,1,1,0.9810245,unassigned
1141,4,2,0.30403066,unassigned
1142,3,3,0.8988024,unassigned
1143,1,1,0.51264924,unassigned
1144,2,1,0.7028213,unassigned
1145,2,2,0.9881458,unassigned
1146,1,1,0.9871057,unassigned
1147,2,1,0.5778834,unassigned
1148,1,1,0.9880437,unassigned
1149,2,2,0.8327537,unassigned
1150,4,4,0.96105886,unassigned
1151,3,3,0.95077115,unassigned
1152,4,4,0.7276645,unassigned
1153,1,1,0.9051073,unassigned
1154,0,4,0.32175773,unassigned
1155,4,4,0.62765753,unassigned
1156,4,4,0.9771886,unassigned
1157,2,2,0.9781125,unassigned
1158,4,3,0.7521285,unassigned
1159,4,4,0.9449389,unassigned
1160,4,4,0.6267573,unassigned
1161,5,5,0.9413406,unassigned
1162,0,4,0.4694833,unassigned
1163,5,5,0.9896897,unassigned
1164,3,4,0.39012745,unassigned
1165,3,3,0.9706125,unassigned
1166,3,3,0.9802106,unassigned
1167,3,3,0.39923483,unassigned
1168,3,0,0.8032153,unassigned
1169,0,0,0.62870365,unassigned
1170,5,5,0.96500224,unassigned
1171,3,4,0.43694308,unassigned
1172,3,3,0.60382366,unassigned
1173,0,0,0.4505085,unassigned
1174,2,2,0.919144,unassigned
1175,2,2,0.99414897,unassigned
1176,2,1,0.7438878,unassigned
1177,1,1,0.780104,unassigned
1178,2,2,0.9950245,unassigned
1179,0,0,0.73205066,unassigned
1180,2,2,0.9889036,unassigned
1181,6,0,0.35799378,unassigned
1182,3,1,0.90006185,unassigned
1183,3,3,0.7377039,unassigned
1184,6,5,0.5069469,unassigned
1185,2,2,0.99368626,unassigned
1186,0,0,0.6889891,unassigned
1187,3,3,0.9924273,unassigned
1188,3,3,0.93617916,unassigned
1189,0,0,0.8736817,unassigned
1190,3,3,0.6520515,unassigned
1191,3,3,0.9534027,unassigned
1192,3,3,0.8195509,unassigned
1193,3,3,0.97450376,unassigned
1194,0,0,0.97114545,unassigned
1195,3,3,0.82429963,unassigned
1196,1,1,0.86274546,unassigned
1197,2,2,0.998979,unassigned
1198,2,2,0.92805433,unassigned
1199,4,4,0.9134888,unassigned
1200,2,2,0.8802932,unassigned
1201,5,0,0.34825185,unassigned
1202,5,5,0.5759555,unassigned
1203,5,5,0.94133645,unassigned
1204,5,5,0.889442,unassigned
1205,5,5,0.99650794,unassigned
1206,3,3,0.9876621,unassigned
1207,3,3,0.98751104,unassigned
1208,2,2,0.9921753,unassigned
1209,3,3,0.64385664,unassigned
1210,4,4,0.9372723,unassigned
1211,3,3,0.9091372,unassigned
1212,4,4,0.9823299,unassigned
1213,3,3,0.96495163,unassigned
1214,5,4,0.68726265,unassigned
1215,3,3,0.98618233,unassigned
1216,3,3,0.98526055,unassigned
1217,3,4,0.9142079,unassigned
1218,0,1,0.8384239,unassigned
1219,3,3,0.9809043,unassigned
1220,0,5,0.9766336,unassigned
1221,6,0,0.8183012,unassigned
1222,3,3,0.97566915,unassigned
1223,1,1,0.86325383,unassigned
1224,4,4,0.86450076,unassigned
1225,1,1,0.94987315,unassigned
1226,5,3,0.558164,unassigned
1227,2,2,0.9972922,unassigned
1228,3,0,0.80480474,unassigned
1229,0,6,0.44463235,unassigned
1230,4,4,0.60626554,unassigned
1231,4,6,0.85114825,unassigned
1232,3,3,0.9619425,unassigned
1233,2,2,0.87057245,unassigned
1234,1,1,0.8808775,unassigned
1235,3,3,0.70744675,unassigned
1236,3,3,0.97428066,unassigned
1237,4,4,0.98805505,unassigned
1238,4,4,0.93482333,unassigned
1239,6,6,0.73664725,unassigned
1240,0,0,0.9327834,unassigned
1241,5,5,0.99305457,unassigned
1242,5,5,0.9872507,unassigned
1243,3,3,0.4979608,unassigned
1244,0,0,0.32818875,unassigned
1245,2,2,0.99685895,unassigned
1246,6,6,0.9771319,unassigned
1247,5,5,0.9669854,unassigned
1248,2,2,0.9687393,unassigned
1249,6,6,0.9866052,unassigned
1250,3,3,0.6650253,unassigned
1251,3,3,0.9753091,unassigned
1252,3,4,0.5014861,unassigned
1253,4,4,0.9140136,unassigned
1254,1,1,0.7218051,unassigned
1255,5,0,0.86471725,unassigned
1256,4,4,0.99063957,unassigned
1257,6,5,0.418999,unassigned
1258,6,6,0.98901945,unassigned
1259,2,2,0.9019971,unassigned
1260,0,2,0.35969105,unassigned
1261,0,0,0.8412034,unassigned
1262,5,0,0.33159205,unassigned
1263,4,4,0.95005774,unassigned
1264,4,4,0.9646994,unassigned
1265,4,5,0.53281826,unassigned
1266,3,3,0.9606261,unassigned
1267,2,2,0.9384337,unassigned
1268,2,2,0.99760973,unassigned
1269,4,4,0.7918583,unassigned
1270,3,2,0.52009046,unassigned
1271,6,5,0.9996346,unassigned
1272,0,0,0.95794547,unassigned
1273,2,2,0.99138355,unassigned
1274,4,4,0.78408843,unassigned
1275,0,0,0.91425073,unassigned
1276,3,3,0.7923901,unassigned
1277,5,0,0.43289778,unassigned
1278,0,0,0.5500641,unassigned
1279,6,6,0.3721249,unassigned
1280,0,0,0.9471499,unassigned
1281,2,2,0.9477508,unassigned
1282,6,6,0.5119822,unassigned
1283,3,3,0.9425528,unassigned
1284,4,4,0.89173573,unassigned
1285,6,6,0.5677396,unassigned
1286,3,3,0.4564659,unassigned
1287,5,5,0.93695974,unassigned
1288,3,3,0.8838529,unassigned
1289,4,4,0.9061203,unassigned
1290,5,5,0.98614085,unassigned
1291,5,5,0.93884814,unassigned
1292,0,0,0.4745367,unassigned
1293,3,1,0.715159,unassigned
1294,2,2,0.62974954,unassigned
1295,3,3,0.65652376,unassigned
1296,5,5,0.9972504,unassigned
1297,5,5,0.9947312,unassigned
1298,0,0,0.9452452,unassigned
1299,4,4,0.8241538,unassigned
1300,4,4,0.99248815,unassigned
1301,4,3,0.5477911,unassigned
1302,6,6,0.45562577,unassigned
1303,6,6,0.4971398,unassigned
1304,4,4,0.94380534,unassigned
1305,3,4,0.706919,unassigned
1306,3,4,0.5519123,unassigned
1307,4,4,0.7509098,unassigned
1308,2,3,0.81414616,unassigned
1309,2,2,0.965028,unassigned
1310,4,4,0.97888744,unassigned
1311,4,4,0.950639,unassigned
1312,2,2,0.9899458,unassigned
1313,2,2,0.98154503,unassigned
1314,3,3,0.9544672,unassigned
1315,2,2,0.47527674,unassigned
1316,3,3,0.95278126,unassigned
1317,0,0,0.47251347,unassigned
1318,5,4,0.59265447,unassigned
1319,4,2,0.4039498,unassigned
1320,3,3,0.9826298,unassigned
1321,5,5,0.954595,unassigned
1322,3,2,0.5947525,unassigned
1323,4,4,0.9544648,unassigned
1324,2,2,0.8672752,unassigned
1325,3,3,0.99270165,unassigned
1326,3,3,0.99185306,unassigned
1327,3,3,0.8505945,unassigned
1328,1,1,0.94423145,unassigned
1329,4,4,0.6865693,unassigned
1330,3,3,0.9712497,unassigned
1331,4,4,0.9856775,unassigned
1332,4,4,0.69643635,unassigned
1333,3,3,0.8758753,unassigned
1334,4,4,0.99027014,unassigned
1335,5,5,0.9957396,unassigned
1336,3,3,0.903949,unassigned
1337,3,3,0.9149299,unassigned
1338,3,3,0.57342803,unassigned
1339,1,1,0.96896553,unassigned
1340,3,3,0.83405113,unassigned
1341,4,4,0.8998006,unassigned
1342,3,3,0.8040106,unassigned
1343,3,0,0.72231686,unassigned
1344,6,6,0.97515184,unassigned
1345,3,3,0.6535292,unassigned
1346,2,2,0.99784136,unassigned
1347,0,0,0.9445722,unassigned
1348,0,0,0.84944403,unassigned
1349,3,4,0.6483538,unassigned
1350,5,5,0.90864176,unassigned
1351,2,2,0.99835545,unassigned
1352,3,4,0.93506956,unassigned
1353,3,3,0.95934546,unassigned
1354,4,4,0.75548255,unassigned
1355,0,4,0.35007098,unassigned
1356,3,3,0.9240278,unassigned
1357,5,5,0.9618831,unassigned
1358,3,3,0.95778537,unassigned
1359,2,2,0.9968118,unassigned
1360,4,4,0.71007913,unassigned
1361,6,6,0.7015509,unassigned
1362,2,2,0.5464697,unassigned
1363,4,1,0.25072068,unassigned
1364,6,6,0.9909499,unassigned
1365,2,2,0.8371597,unassigned
1366,6,6,0.6273696,unassigned
1367,3,1,0.484876,unassigned
1368,2,2,0.74253786,unassigned
1369,1,1,0.9666023,unassigned
1370,4,4,0.69068164,unassigned
1371,2,2,0.9975395,unassigned
1372,4,4,0.9666364,unassigned
1373,5,5,0.5622846,unassigned
1374,6,6,0.7886026,unassigned
1375,3,3,0.6681371,unassigned
1376,3,4,0.58054304,unassigned
1377,2,2,0.98901105,unassigned
1378,5,5,0.9763431,unassigned
1379,6,6,0.8231968,unassigned
1380,3,3,0.9730032,unassigned
1381,3,3,0.8312405,unassigned
1382,1,1,0.9517206,unassigned
1383,2,1,0.6708172,unassigned
1384,0,6,0.9733329,unassigned
1385,3,3,0.94065577,unassigned
1386,2,2,0.9810978,unassigned
1387,4,4,0.9843046,unassigned
1388,3,5,0.3706184,unassigned
1389,5,5,0.6396005,unassigned
1390,2,3,0.7543207,unassigned
1391,3,4,0.96256727,unassigned
1392,0,0,0.9953259,unassigned
1393,2,2,0.9928411,unassigned
1394,0,0,0.6503744,unassigned
1395,4,3,0.6527025,unassigned
1396,4,4,0.49773696,unassigned
1397,2,2,0.99598914,unassigned
1398,0,0,0.8980457,unassigned
1399,4,4,0.96469337,unassigned
1400,0,0,0.6863243,unassigned
1401,0,0,0.79397005,unassigned
1402,6,6,0.45963308,unassigned
1403,0,0,0.3382339,unassigned
1404,0,5,0.43888158,unassigned
1405,2,2,0.9581001,unassigned
1406,4,4,0.5036715,unassigned
1407,4,4,0.975608,unassigned
1408,4,3,0.6692007,unassigned
1409,4,4,0.99343103,unassigned
1410,4,4,0.69160295,unassigned
1411,4,4,0.97195846,unassigned
1412,0,0,0.7512951,unassigned
1413,0,3,0.6814025,unassigned
1414,5,5,0.9972796,unassigned
1415,5,5,0.95731264,unassigned
1416,6,6,0.9927862,unassigned
1417,0,0,0.9880691,unassigned
1418,3,3,0.8231522,unassigned
1419,5,5,0.98265886,unassigned
1420,4,4,0.75005615,unassigned
1421,2,2,0.9592319,unassigned
1422,1,1,0.8741743,unassigned
1423,3,3,0.4180054,unassigned
1424,5,5,0.9721737,unassigned
1425,2,2,0.8590133,unassigned
1426,1,1,0.9632842,unassigned
1427,1,1,0.9907398,unassigned
1428,5,5,0.9917135,unassigned
1429,5,5,0.9758149,unassigned
1430,0,4,0.3048143,unassigned
1431,2,2,0.7953854,unassigned
1432,3,3,0.57053405,unassigned
1433,4,4,0.64696604,unassigned
1434,1,1,0.9944002,unassigned
1435,1,1,0.9267729,unassigned
1436,2,2,0.9985953,unassigned
1437,1,1,0.9810678,unassigned
1438,2,2,0.99973744,unassigned
1439,2,2,0.65756184,unassigned
1440,3,3,0.9705104,unassigned
1441,2,2,0.97813076,unassigned
1442,4,4,0.79027873,unassigned
1443,3,0,0.4196228,unassigned
1444,1,1,0.7831607,unassigned
1445,1,1,0.8282087,unassigned
1446,3,3,0.95055974,unassigned
1447,3,2,0.84270215,unassigned
1448,3,4,0.86389244,unassigned
1449,3,3,0.99005556,unassigned
1450,3,3,0.88756466,unassigned
1451,5,5,0.38318127,unassigned
1452,5,5,0.9803067,unassigned
1453,0,0,0.5327059,unassigned
1454,3,3,0.9280918,unassigned
1455,0,6,0.53901863,unassigned
1456,1,1,0.8354117,unassigned
1457,4,4,0.9477852,unassigned
1458,2,2,0.93077636,unassigned
1459,6,0,0.40729618,unassigned
1460,0,0,0.9776694,unassigned
1461,2,2,0.9749507,unassigned
1462,3,4,0.71968025,unassigned
1463,3,3,0.8439249,unassigned
1464,6,6,0.5956761,unassigned
1465,3,3,0.9470871,unassigned
1466,2,2,0.9508471,unassigned
1467,3,3,0.6960397,unassigned
1468,3,3,0.9282393,unassigned
1469,2,2,0.9849879,unassigned
1470,2,2,0.99986005,unassigned
1471,0,0,0.9807488,unassigned
1472,3,1,0.8767094,unassigned
1473,2,2,0.9984459,unassigned
1474,3,3,0.9449887,unassigned
1475,2,2,0.7249854,unassigned
1476,3,3,0.9185016,unassigned
1477,3,3,0.49646664,unassigned
1478,1,3,0.28801903,unassigned
1479,2,2,0.6190785,unassigned
1480,3,4,0.74122185,unassigned
1481,2,2,0.9898974,unassigned
1482,3,3,0.83442724,unassigned
1483,3,3,0.979765,unassigned
1484,6,6,0.90331864,unassigned
1485,2,6,0.38935918,unassigned
1486,4,4,0.6691626,unassigned
1487,5,5,0.9529999,unassigned
1488,1,2,0.89826256,unassigned
1489,3,4,0.604026,unassigned
1490,3,1,0.6230252,unassigned
1491,1,1,0.9773941,unassigned
1492,1,1,0.9741209,unassigned
1493,2,6,0.41205463,unassigned
1494,4,3,0.47197703,unassigned
1495,2,2,0.9222748,unassigned
1496,0,0,0.97657824,unassigned
1497,2,2,0.983761,unassigned
1498,5,5,0.97942686,unassigned
1499,0,0,0.99665666,unassigned
1500,2,2,0.9741876,unassigned
1501,3,1,0.59653467,unassigned
1502,4,4,0.98322475,unassigned
1503,4,0,0.6018455,unassigned
1504,3,3,0.98505867,unassigned
1505,0,0,0.7689258,unassigned
1506,1,1,0.97954935,unassigned
1507,4,4,0.6586755,unassigned
1508,1,1,0.9647311,unassigned
1509,3,3,0.9879481,unassigned
1510,2,2,0.9850867,unassigned
1511,4,4,0.8767783,unassigned
1512,0,0,0.36635125,unassigned
1513,3,6,0.85411054,unassigned
1514,2,2,0.99853766,unassigned
1515,4,0,0.6386564,unassigned
1516,5,5,0.9855003,unassigned
1517,1,1,0.92585,unassigned
1518,0,0,0.44462436,unassigned
1519,4,4,0.9823027,unassigned
1520,3,3,0.9947231,unassigned
1521,0,0,0.8390229,unassigned
1522,1,1,0.86974233,unassigned
1523,0,5,0.61405724,unassigned
1524,2,2,0.9916107,unassigned
1525,6,5,0.46359885,unassigned
1526,5,0,0.35373884,unassigned
1527,3,3,0.9291033,unassigned
1528,3,3,0.82622886,unassigned
1529,3,3,0.6265303,unassigned
1530,3,3,0.96222717,unassigned
1531,3,4,0.6890055,unassigned
1532,4,4,0.8475857,unassigned
1533,2,5,0.4036662,unassigned
1534,0,4,0.9420178,unassigned
1535,1,1,0.8026011,unassigned
1536,4,3,0.77944493,unassigned
1537,0,3,0.59865355,unassigned
1538,6,6,0.96577924,unassigned
1539,6,6,0.9365819,unassigned
1540,6,6,0.9500786,unassigned
1541,5,0,0.6382487,unassigned
1542,3,3,0.6184595,unassigned
1543,3,3,0.9672692,unassigned
1544,0,0,0.86759657,unassigned
1545,3,3,0.52599394,unassigned
1546,0,3,0.4520407,unassigned
1547,6,6,0.8723456,unassigned
1548,3,3,0.9215008,unassigned
1549,2,1,0.4994805,unassigned
1550,4,4,0.78933394,unassigned
1551,2,2,0.9947385,unassigned
1552,4,4,0.43211856,unassigned
1553,2,2,0.8122195,unassigned
1554,5,6,0.90402454,unassigned
1555,3,4,0.8742532,unassigned
1556,0,0,0.97752714,unassigned
1557,2,2,0.52978945,unassigned
1558,0,0,0.91938376,unassigned
1559,0,4,0.48090076,unassigned
1560,3,3,0.6322316,unassigned
1561,1,1,0.93706274,unassigned
1562,5,5,0.84685206,unassigned
1563,3,3,0.9098581,unassigned
1564,4,4,0.9857495,unassigned
1565,4,4,0.93751585,unassigned
1566,3,3,0.46508244,unassigned
1567,1,1,0.96568155,unassigned
1568,2,2,0.9237131,unassigned
1569,5,5,0.9836712,unassigned
1570,3,1,0.3033896,test
1571,2,2,0.9942753,test
1572,2,2,0.7220752,test
1573,2,2,0.99159896,test
1574,2,2,0.99794847,test
1575,0,5,0.3631381,test
1576,2,2,0.99623436,test
1577,2,2,0.99670744,test
1578,2,2,0.94998235,test
1579,2,2,0.98639315,test
1580,2,2,0.9977556,test
1581,2,2,0.99913126,test
1582,2,2,0.99913126,test
1583,2,2,0.9917368,test
1584,2,2,0.97572404,test
1585,2,2,0.997035,test
1586,2,2,0.9909486,test
1587,2,2,0.95400685,test
1588,2,2,0.9794732,test
1589,2,2,0.9987558,test
1590,3,3,0.47772607,test
1591,2,2,0.7104809,test
1592,2,2,0.99673414,test
1593,2,2,0.9824179,test
1594,2,2,0.4661581,test
1595,2,1,0.76338583,test
1596,2,2,0.99903166,test
1597,1,2,0.8575883,test
1598,2,2,0.98976266,test
1599,2,2,0.9953402,test
1600,2,2,0.99790156,test
1601,2,2,0.99452645,test
1602,2,1,0.5808251,test
1603,3,2,0.27426285,test
1604,2,2,0.96930236,test
1605,2,2,0.742217,test
1606,2,2,0.99984443,test
1607,2,2,0.9751847,test
1608,2,2,0.9924986,test
1609,2,2,0.99880564,test
1610,2,2,0.994028,test
1611,2,2,0.99492717,test
1612,2,2,0.9994491,test
1613,2,2,0.9912034,test
1614,2,2,0.99811184,test
1615,2,2,0.99718106,test
1616,2,2,0.9992028,test
1617,2,2,0.99669075,test
1618,2,2,0.97626925,test
1619,2,2,0.9787002,test
1620,2,2,0.979817,test
1621,2,2,0.73206073,test
1622,2,2,0.9955603,test
1623,2,2,0.55378324,test
1624,2,2,0.99845827,test
1625,2,2,0.99039173,test
1626,5,2,0.990908,test
1627,2,2,0.99884003,test
1628,2,2,0.9988952,test
1629,1,1,0.97433555,test
1630,1,1,0.89488584,test
1631,1,1,0.9576124,test
1632,1,1,0.9927798,test
1633,1,1,0.98995775,test
1634,1,1,0.985974,test
1635,1,1,0.96939933,test
1636,4,1,0.9646305,test
1637,1,1,0.9904357,test
1638,1,1,0.84558386,test
1639,1,1,0.98982775,test
1640,1,1,0.9903003,test
1641,1,1,0.98789257,test
1642,1,1,0.9909101,test
1643,1,1,0.962515,test
1644,1,1,0.97489953,test
1645,1,1,0.97839934,test
1646,1,1,0.96779513,test
1647,4,5,0.65862215,test
1648,1,1,0.992732,test
1649,1,1,0.99198407,test
1650,1,1,0.84517384,test
1651,1,1,0.934529,test
1652,1,1,0.6734064,test
1653,1,1,0.3969852,test
1654,3,5,0.6790113,test
1655,4,5,0.5677036,test
1656,4,5,0.320363,test
1657,4,4,0.35894,test
1658,4,5,0.24969083,test
1659,1,1,0.53232074,test
1660,1,1,0.87772524,test
1661,3,1,0.57506716,test
1662,1,5,0.6200178,test
1663,0,1,0.66568416,test
1664,3,1,0.9030182,test
1665,0,6,0.83834136,test
1666,2,1,0.8043945,test
1667,1,1,0.8786907,test
1668,3,3,0.5819371,test
1669,3,3,0.6869819,test
1670,3,3,0.97566575,test
1671,3,3,0.7876149,test
1672,3,3,0.9686952,test
1673,3,3,0.9930848,test
1674,3,2,0.6007514,test
1675,3,3,0.90263385,test
1676,3,3,0.90521026,test
1677,3,3,0.97075677,test
1678,3,3,0.85498244,test
1679,3,3,0.9733376,test
1680,3,3,0.8778276,test
1681,3,3,0.9169852,test
1682,3,3,0.96135813,test
1683,3,3,0.91394794,test
1684,3,3,0.9924555,test
1685,3,3,0.977443,test
1686,5,5,0.79194194,test
1687,5,5,0.8877015,test
1688,5,5,0.5024672,test
1689,5,5,0.8963379,test
1690,5,5,0.9724716,test
1691,5,5,0.69968814,test
1692,2,2,0.68975484,test
1693,2,2,0.85202014,test
1694,2,2,0.54898554,test
1695,2,2,0.7263519,test
1696,1,1,0.47522986,test
1697,3,1,0.6496986,test
1698,0,0,0.9734062,test
1699,0,0,0.96047896,test
1700,5,6,0.6053783,test
1701,0,0,0.9507903,test
1702,5,5,0.900812,test
1703,0,0,0.43904766,test
1704,3,6,0.69662535,test
1705,5,6,0.4494609,test
1706,3,0,0.43312106,test
1707,0,0,0.78873104,test
1708,0,0,0.6337549,test
1709,6,6,0.971639,test
1710,0,0,0.6024129,test
1711,6,6,0.5044014,test
1712,3,3,0.8432035,test
1713,3,3,0.96588266,test
1714,1,3,0.96248,test
1715,3,3,0.8468455,test
1716,1,1,0.8349654,test
1717,3,3,0.39836994,test
1718,3,3,0.9059559,test
1719,3,3,0.93416244,test
1720,3,3,0.97287154,test
1721,3,3,0.9767646,test
1722,3,3,0.99404,test
1723,3,3,0.947483,test
1724,3,3,0.9267094,test
1725,3,3,0.89083356,test
1726,3,3,0.9916397,test
1727,3,3,0.783913,test
1728,3,3,0.69630164,test
1729,3,3,0.5428444,test
1730,3,3,0.6352486,test
1731,3,3,0.36903107,test
1732,3,3,0.9446328,test
1733,3,3,0.57647187,test
1734,3,3,0.9004609,test
1735,3,3,0.8325053,test
1736,3,3,0.9435082,test
1737,3,3,0.70713603,test
1738,5,5,0.71430004,test
1739,5,5,0.57302916,test
1740,5,5,0.93199486,test
1741,5,5,0.9582485,test
1742,5,5,0.6278152,test
1743,5,5,0.9787299,test
1744,5,5,0.9754895,test
1745,5,5,0.87947553,test
1746,2,2,0.9592636,test
1747,2,2,0.9286009,test
1748,2,2,0.9585655,test
1749,4,4,0.7846421,test
1750,4,4,0.789104,test
1751,4,4,0.8938595,test
1752,0,4,0.9184519,test
1753,3,4,0.7167202,test
1754,3,3,0.953539,test
1755,2,2,0.35895035,test
1756,5,5,0.8261273,test
1757,5,5,0.83354795,test
1758,5,5,0.9133698,test
1759,5,1,0.3017957,test
1760,6,6,0.73885804,test
1761,5,5,0.9665003,test
1762,5,5,0.9518493,test
1763,5,5,0.9640092,test
1764,5,5,0.9838463,test
1765,0,6,0.90622795,test
1766,4,4,0.80768585,test
1767,4,3,0.5101332,test
1768,4,0,0.781476,test
1769,0,4,0.31112662,test
1770,0,1,0.6298759,test
1771,5,0,0.65931106,test
1772,0,3,0.33788535,test
1773,0,0,0.92784655,test
1774,6,6,0.9742333,test
1775,6,6,0.64116734,test
1776,6,6,0.831574,test
1777,6,6,0.9381337,test
1778,6,6,0.61290157,test
1779,6,0,0.51581997,test
1780,0,6,0.6417054,test
1781,0,0,0.96513355,test
1782,0,0,0.9598245,test
1783,0,0,0.92197037,test
1784,3,0,0.6393757,test
1785,0,0,0.8619706,test
1786,0,0,0.75983423,test
1787,0,0,0.7884348,test
1788,3,3,0.88348806,test
1789,3,4,0.4524755,test
1790,0,0,0.6904139,test
1791,3,3,0.6671793,test
1792,3,3,0.6425394,test
1793,3,3,0.8258252,test
1794,3,3,0.7817398,test
1795,3,3,0.9518262,test
1796,3,3,0.8893617,test
1797,3,3,0.34282213,test
1798,3,3,0.71466815,test
1799,3,3,0.9816242,test
1800,3,3,0.7121155,test
1801,3,3,0.9739654,test
1802,3,3,0.7826644,test
1803,3,0,0.5562934,test
1804,3,3,0.98830265,test
1805,3,3,0.9852164,test
1806,3,3,0.9869877,test
1807,3,3,0.9798719,test
1808,3,3,0.90848714,test
1809,3,3,0.9468542,test
1810,3,3,0.964627,test
1811,3,3,0.8077688,test
1812,3,3,0.9399795,test
1813,5,5,0.98574257,test
1814,5,5,0.57394105,test
1815,5,5,0.9848268,test
1816,5,5,0.97231704,test
1817,3,4,0.48690495,test
1818,5,5,0.77451056,test
1819,5,5,0.9967326,test
1820,5,5,0.9318406,test
1821,5,5,0.98072284,test
1822,5,5,0.9178589,test
1823,5,5,0.84452164,test
1824,4,4,0.8464846,test
1825,4,4,0.9642946,test
1826,4,4,0.65516514,test
1827,4,4,0.8361161,test
1828,4,3,0.47333887,test
1829,4,4,0.9190797,test
1830,4,4,0.9708058,test
1831,4,4,0.9312797,test
1832,6,6,0.4435025,test
1833,6,6,0.45768014,test
1834,5,5,0.6575248,test
1835,6,5,0.3864658,test
1836,6,6,0.41779125,test
1837,3,0,0.2941446,test
1838,5,5,0.9245624,test
1839,5,5,0.90070754,test
1840,5,5,0.85235536,test
1841,0,5,0.6074274,test
1842,5,5,0.9736884,test
1843,0,4,0.7478011,test
1844,4,4,0.7517181,test
1845,4,5,0.72616655,test
1846,3,3,0.91312855,test
1847,3,3,0.90832436,test
1848,3,3,0.9452644,test
1849,2,2,0.7375583,test
1850,2,3,0.5512766,test
1851,1,1,0.5076356,test
1852,3,3,0.52491677,test
1853,3,3,0.9305745,test
1854,3,3,0.8952737,test
1855,3,3,0.3091474,test
1856,3,3,0.99504197,test
1857,3,2,0.47279263,test
1858,5,1,0.6099059,test
1859,3,3,0.45437345,test
1860,3,3,0.6104628,test
1861,4,4,0.91499776,test
1862,4,3,0.53475976,test
1863,3,4,0.45055056,test
1864,3,3,0.9274856,test
1865,3,2,0.7755885,test
1866,3,3,0.60842913,test
1867,3,2,0.6823179,test
1868,3,3,0.74897,test
1869,3,3,0.46464399,test
1870,0,6,0.7656634,test
1871,3,3,0.731768,test
1872,3,0,0.5393985,test
1873,6,0,0.7428131,test
1874,3,0,0.83086383,test
1875,6,5,0.6350015,test
1876,0,5,0.59408414,test
1877,5,5,0.79793084,test
1878,0,5,0.7635287,test
1879,0,5,0.9114648,test
1880,4,4,0.8840532,test
1881,0,0,0.6328854,test
1882,6,6,0.56743973,test
1883,5,5,0.3404355,test
1884,5,5,0.797991,test
1885,0,5,0.3023628,test
1886,1,1,0.891976,test
1887,3,3,0.33688474,test
1888,3,5,0.39758712,test
1889,5,5,0.9259958,test
1890,6,6,0.8083273,test
1891,5,6,0.56935734,test
1892,3,4,0.7676777,test
1893,3,3,0.75658816,test
1894,4,4,0.812148,test
1895,3,4,0.57648414,test
1896,3,3,0.9058926,test
1897,3,3,0.62500703,test
1898,3,4,0.76893425,test
1899,3,4,0.7946608,test
1900,4,4,0.9751729,test
1901,3,3,0.57047725,test
1902,3,4,0.92483985,test
1903,4,4,0.84488994,test
1904,3,4,0.92261344,test
1905,1,1,0.8779049,test
1906,1,1,0.914857,test
1907,0,1,0.5879893,test
1908,1,1,0.77355105,test
1909,0,0,0.98364335,test
1910,6,5,0.7486359,test
1911,0,0,0.67133033,test
1912,0,0,0.7209836,test
1913,0,0,0.9816675,test
1914,0,0,0.9705601,test
1915,0,0,0.98059213,test
1916,0,0,0.9707534,test
1917,0,0,0.982502,test
1918,0,0,0.45983192,test
1919,5,5,0.98908186,test
1920,5,5,0.9902756,test
1921,5,5,0.9713695,test
1922,3,3,0.99484515,test
1923,3,3,0.9980416,test
1924,3,3,0.8215119,test
1925,3,3,0.8071474,test
1926,3,3,0.86398566,test
1927,0,1,0.45369822,test
1928,0,0,0.8608659,test
1929,0,0,0.86291766,test
1930,2,5,0.43764192,test
1931,0,0,0.9684863,test
1932,0,0,0.8221032,test
1933,0,0,0.93043786,test
1934,3,3,0.9663412,test
1935,3,3,0.93908626,test
1936,3,3,0.86439484,test
1937,3,1,0.83984154,test
1938,1,1,0.94259477,test
1939,1,1,0.9918933,test
1940,1,1,0.973636,test
1941,1,1,0.99718285,test
1942,2,1,0.66557974,test
1943,1,1,0.8676285,test
1944,1,1,0.97044474,test
1945,1,1,0.9783603,test
1946,1,1,0.93242687,test
1947,1,1,0.8862843,test
1948,0,1,0.918203,test
1949,1,1,0.7377131,test
1950,3,3,0.6183742,test
1951,1,1,0.9686998,test
1952,1,1,0.9906989,test
1953,1,1,0.89306045,test
1954,1,1,0.99577856,test
1955,1,1,0.8645821,test
1956,0,0,0.8900161,test
1957,0,0,0.9208828,test
1958,0,0,0.4536098,test
1959,5,6,0.7971257,test
1960,5,0,0.61074734,test
1961,5,3,0.558164,test
1962,5,3,0.558164,test
1963,3,0,0.2829573,test
1964,5,0,0.47479776,test
1965,1,1,0.96454906,test
1966,1,1,0.9397719,test
1967,3,0,0.4583929,test
1968,6,6,0.37840542,test
1969,6,5,0.36250722,test
1970,5,5,0.61434776,test
1971,6,6,0.6225058,test
1972,2,1,0.4803346,test
1973,3,3,0.9739013,test
1974,3,3,0.7155917,test
1975,0,0,0.50537956,test
1976,3,3,0.9191784,test
1977,3,3,0.91705006,test
1978,3,4,0.80461854,test
1979,4,4,0.879272,test
1980,4,4,0.95424384,test
1981,4,4,0.7927085,test
1982,4,4,0.9677673,test
1983,3,4,0.5155465,test
1984,3,4,0.7956464,test
1985,3,4,0.44698235,test
1986,4,3,0.59139156,test
1987,3,0,0.5494355,test
1988,3,3,0.50260514,test
1989,4,4,0.809659,test
1990,0,0,0.94849944,test
1991,6,6,0.50472313,test
1992,0,0,0.9559362,test
1993,6,6,0.8260816,test
1994,6,6,0.82885855,test
1995,0,0,0.65182054,test
1996,0,0,0.31962404,test
1997,3,3,0.3940502,test
1998,3,3,0.99524516,test
1999,3,3,0.9930722,test
2000,3,3,0.99280566,test
2001,3,3,0.9913516,test
2002,1,1,0.9436102,test
2003,1,1,0.9964958,test
2004,1,1,0.9922646,test
2005,3,3,0.85210854,test
2006,3,3,0.54772973,test
2007,3,3,0.94183904,test
2008,3,4,0.3051973,test
2009,6,6,0.8002228,test
2010,3,3,0.69641876,test
2011,4,5,0.40833178,test
2012,6,5,0.4542303,test
2013,0,0,0.8339067,test
2014,0,5,0.39277512,test
2015,3,3,0.77299494,test
2016,3,3,0.95188713,test
2017,6,6,0.94697356,test
2018,6,6,0.61489266,test
2019,5,6,0.9256448,test
2020,2,2,0.64639014,test
2021,1,2,0.498384,test
2022,2,1,0.81637704,test
2023,1,0,0.45796934,test
2024,0,0,0.7220887,test
2025,0,0,0.9813891,test
2026,2,3,0.9278713,test
2027,3,3,0.90833205,test
2028,3,0,0.862631,test
2029,5,5,0.9080695,test
2030,0,0,0.4538459,test
2031,0,0,0.9807601,test
2032,0,0,0.8587606,test
2033,0,0,0.97935504,test
2034,0,0,0.8969871,test
2035,5,5,0.9970157,test
2036,5,5,0.9669485,test
2037,0,1,0.4084053,test
2038,3,4,0.6890537,test
2039,5,0,0.55855,test
2040,0,0,0.7038628,test
2041,6,6,0.66114503,test
2042,3,4,0.3712001,test
2043,0,0,0.3684689,test
2044,0,4,0.23343739,test
2045,0,5,0.34216776,test
2046,0,0,0.99706393,test
2047,0,0,0.9776313,test
2048,0,0,0.948258,test
2049,0,0,0.5552182,test
2050,0,0,0.54399765,test
2051,0,4,0.2288365,test
2052,0,0,0.87697685,test
2053,0,0,0.5405494,test
2054,3,3,0.7100532,test
2055,3,3,0.98307645,test
2056,3,3,0.92540383,test
2057,3,3,0.96979123,test
2058,1,1,0.60702515,test
2059,1,1,0.99521035,test
2060,0,4,0.9068754,test
2061,3,3,0.7486969,test
2062,3,3,0.8518411,test
2063,3,3,0.9062737,test
2064,3,3,0.80232084,test
2065,3,3,0.64507407,test
2066,6,6,0.96225226,test
2067,1,1,0.78184795,test
2068,0,0,0.96718115,test
2069,2,2,0.9721191,test
2070,2,2,0.97614276,test
2071,5,5,0.9012619,test
2072,6,5,0.43008673,test
2073,3,3,0.69306606,test
2074,3,3,0.6221094,test
2075,0,0,0.65673923,test
2076,0,0,0.9783335,test
2077,0,0,0.9296235,test
2078,0,0,0.99440646,test
2079,5,5,0.97424084,test
2080,4,4,0.8778068,test
2081,4,4,0.9184393,test
2082,4,4,0.98123896,test
2083,4,4,0.99465704,test
2084,4,4,0.9177973,test
2085,3,3,0.84528553,test
2086,3,3,0.93743163,test
2087,3,3,0.89087695,test
2088,3,3,0.9281752,test
2089,3,3,0.7636046,test
2090,0,3,0.9104201,test
2091,3,3,0.8840087,test
2092,4,4,0.9056188,test
2093,4,4,0.6725516,test
2094,4,4,0.7815145,test
2095,1,1,0.9875073,test
2096,1,1,0.98732924,test
2097,3,3,0.8984935,test
2098,1,1,0.98678917,test
2099,5,1,0.53692484,test
2100,1,3,0.517121,test
2101,3,3,0.75044084,test
2102,4,4,0.6021958,test
2103,4,4,0.736133,test
2104,4,4,0.55456305,test
2105,4,3,0.49311715,test
2106,4,4,0.56149006,test
2107,4,5,0.54189306,test
2108,4,4,0.94996285,test
2109,0,0,0.71231675,test
2110,0,4,0.39268395,test
2111,0,4,0.7405622,test
2112,5,5,0.9939433,test
2113,5,5,0.99492407,test
2114,5,5,0.99052215,test
2115,5,5,0.87265915,test
2116,5,5,0.97801787,test
2117,0,5,0.6645018,test
2118,5,5,0.46728736,test
2119,3,4,0.39235374,test
2120,0,0,0.9696019,test
2121,6,6,0.69632596,test
2122,2,2,0.9682693,test
2123,0,0,0.59802127,test
2124,5,5,0.46783996,test
2125,3,0,0.289788,test
2126,3,3,0.9606445,test
2127,5,5,0.9921714,test
2128,5,5,0.9868377,test
2129,5,5,0.9588024,test
2130,5,5,0.96037275,test
2131,5,5,0.9453709,test
2132,4,4,0.5482841,test
2133,4,5,0.27555075,test
2134,0,4,0.9857421,test
2135,4,4,0.94193196,test
2136,0,0,0.5184188,test
2137,4,6,0.3491827,test
2138,0,0,0.71758837,test
2139,3,3,0.9824524,test
2140,4,4,0.3443527,test
2141,4,4,0.6655882,test
2142,4,4,0.2873857,test
2143,1,1,0.74783325,test
2144,3,3,0.7581613,test
2145,3,4,0.5532784,test
2146,3,3,0.9227283,test
2147,3,3,0.667896,test
2148,3,3,0.4230705,test
2149,4,3,0.6446236,test
2150,2,2,0.908803,test
2151,3,3,0.8965957,test
2152,3,3,0.5033908,test
2153,3,3,0.54888576,test
2154,0,0,0.8280566,test
2155,0,0,0.9282056,test
2156,2,2,0.4677259,test
2157,3,1,0.37850627,test
2158,3,3,0.98592746,test
2159,3,6,0.80245113,test
2160,3,3,0.9299676,test
2161,1,1,0.86306447,test
2162,1,3,0.6897673,test
2163,3,3,0.59540886,test
2164,0,0,0.9213153,test
2165,1,1,0.8228412,test
2166,4,5,0.99000996,test
2167,1,1,0.7635057,test
2168,1,1,0.92120713,test
2169,1,5,0.50966686,test
2170,1,1,0.96498066,test
2171,1,1,0.9444858,test
2172,1,1,0.9815996,test
2173,0,1,0.5088749,test
2174,1,1,0.99182993,test
2175,0,4,0.697401,test
2176,0,0,0.95494074,test
2177,2,2,0.9909473,test
2178,4,4,0.7950108,test
2179,4,4,0.96891844,test
2180,4,4,0.5843531,test
2181,3,0,0.36173555,test
2182,3,1,0.47100714,test
2183,3,3,0.45611426,test
2184,0,4,0.35011277,test
2185,3,3,0.9487497,test
2186,3,3,0.7005479,test
2187,3,4,0.5546283,test
2188,3,4,0.81008154,test
2189,0,4,0.6332618,test
2190,3,4,0.9701726,test
2191,3,3,0.43791294,test
2192,4,4,0.6529699,test
2193,4,3,0.7706342,test
2194,4,3,0.6348234,test
2195,4,3,0.71665496,test
2196,4,3,0.79939795,test
2197,4,0,0.76688856,test
2198,0,4,0.7647404,test
2199,4,4,0.8000143,test
2200,3,3,0.90304935,test
2201,2,3,0.87211347,test
2202,0,3,0.78827786,test
2203,3,3,0.80312085,test
2204,4,4,0.6599376,test
2205,5,5,0.9867459,test
2206,0,0,0.5676267,test
2207,2,2,0.99952507,test
2208,2,2,0.9991253,test
2209,3,3,0.9252222,test
2210,3,3,0.8529867,test
2211,3,3,0.76011544,test
2212,3,3,0.75039494,test
2213,3,3,0.26782635,test
2214,2,3,0.9718246,test
2215,3,4,0.35127094,test
2216,5,5,0.9770975,test
2217,5,5,0.99157095,test
2218,4,4,0.8666162,test
2219,1,1,0.8945791,test
2220,4,4,0.98211044,test
2221,4,4,0.83217716,test
2222,4,4,0.9894868,test
2223,3,3,0.6797935,test
2224,4,4,0.47567022,test
2225,4,4,0.6646639,test
2226,0,0,0.78616494,test
2227,4,3,0.8538057,test
2228,4,4,0.59792227,test
2229,4,4,0.8413807,test
2230,5,6,0.6702426,test
2231,2,2,0.58006406,test
2232,2,2,0.7573279,test
2233,2,2,0.53862184,test
2234,2,2,0.8229914,test
2235,4,4,0.9567607,test
2236,6,6,0.48138857,test
2237,6,6,0.32352743,test
2238,6,6,0.47787145,test
2239,6,6,0.52502054,test
2240,3,3,0.9040031,test
2241,4,4,0.8636089,test
2242,4,4,0.9941949,test
2243,4,4,0.97654426,test
2244,1,3,0.9180611,test
2245,3,3,0.9079144,test
2246,0,0,0.40828943,test
2247,3,5,0.8620295,test
2248,3,4,0.6146499,test
2249,5,5,0.9428589,test
2250,0,0,0.99632925,test
2251,2,3,0.7959499,test
2252,3,3,0.528273,test
2253,3,1,0.47238243,test
2254,3,2,0.31156147,test
2255,2,2,0.8204989,test
2256,4,4,0.763515,test
2257,4,4,0.9103578,test
2258,0,3,0.606745,test
2259,0,0,0.85725385,test
2260,3,3,0.67759943,test
2261,2,2,0.9463612,test
2262,6,0,0.40173683,test
2263,6,0,0.7008866,test
2264,0,0,0.91260207,test
2265,3,6,0.45247144,test
2266,3,3,0.41738042,test
2267,3,5,0.9207746,test
2268,5,5,0.72670937,test
2269,3,3,0.78562784,test
2270,4,4,0.9138826,test
2271,4,4,0.9264557,test
2272,4,6,0.76668,test
2273,2,2,0.97484314,test
2274,2,2,0.85947,test
2275,2,2,0.9875765,test
2276,2,2,0.8560387,test
2277,2,2,0.9492989,test
2278,2,2,0.9082652,test
2279,2,2,0.89193076,test
2280,2,2,0.98668355,test
2281,2,2,0.9665719,test
2282,2,2,0.9906895,test
2283,0,0,0.8872036,test
2284,2,2,0.93166363,test
2285,2,2,0.6631603,test
2286,2,2,0.9921504,test
2287,0,0,0.5187198,test
2288,5,2,0.5303208,test
2289,6,6,0.5153096,test
2290,6,6,0.32649752,test
2291,3,3,0.9874187,test
2292,2,2,0.6214209,test
2293,3,2,0.6124389,test
2294,4,4,0.80693585,test
2295,4,4,0.48115283,test
2296,4,4,0.5493031,test
2297,2,2,0.9923943,test
2298,6,5,0.57706624,test
2299,6,2,0.29193306,test
2300,0,4,0.33876863,test
2301,0,2,0.3944783,test
2302,3,3,0.8538465,test
2303,0,4,0.788232,test
2304,4,4,0.99862456,test
2305,4,4,0.99038714,test
2306,3,3,0.78585917,test
2307,2,2,0.9734364,test
2308,3,3,0.8285419,test
2309,1,1,0.9670894,test
2310,6,6,0.84700525,test
2311,5,5,0.9691711,test
2312,5,5,0.78780735,test
2313,3,3,0.7698188,test
2314,1,1,0.98540825,test
2315,1,1,0.9280731,test
2316,3,4,0.54852575,test
2317,4,4,0.48709518,test
2318,5,5,0.71793455,test
2319,2,2,0.9983473,test
2320,3,3,0.79762405,test
2321,3,3,0.9706937,test
2322,3,3,0.99646086,test
2323,4,5,0.35216576,test
2324,5,5,0.4250616,test
2325,4,4,0.30549994,test
2326,0,0,0.94828224,test
2327,3,3,0.7993581,test
2328,3,3,0.69102556,test
2329,0,0,0.9314374,test
2330,2,2,0.9583674,test
2331,1,1,0.9972562,test
2332,1,1,0.9872487,test
2333,5,5,0.9815135,test
2334,2,2,0.9939703,test
2335,3,3,0.92038953,test
2336,3,3,0.9512123,test
2337,5,1,0.6697121,test
2338,0,0,0.51277226,test
2339,2,2,0.8781671,test
2340,3,3,0.9139622,test
2341,2,2,0.96417665,test
2342,2,2,0.97978985,test
2343,5,5,0.7037841,test
2344,5,6,0.27766532,test
2345,4,4,0.78323907,test
2346,3,3,0.9182433,test
2347,4,4,0.823817,test
2348,3,3,0.83862525,test
2349,2,2,0.7697005,test
2350,2,2,0.974905,test
2351,4,4,0.978223,test
2352,2,2,0.9680228,test
2353,5,5,0.99556524,test
2354,5,5,0.99228305,test
2355,2,2,0.9605982,test
2356,3,3,0.91485155,test
2357,1,1,0.50686103,test
2358,0,3,0.7660538,test
2359,3,3,0.63516945,test
2360,3,3,0.55330735,test
2361,4,4,0.9467834,test
2362,4,4,0.89430207,test
2363,3,3,0.9615524,test
2364,3,3,0.9492538,test
2365,3,3,0.849479,test
2366,3,1,0.8356818,test
2367,3,3,0.95168066,test
2368,1,0,0.98063767,test
2369,2,2,0.9244022,test
2370,4,4,0.36023846,test
2371,4,4,0.52787507,test
2372,4,4,0.6652437,test
2373,3,2,0.6391263,test
2374,3,3,0.95915043,test
2375,3,3,0.5004844,test
2376,5,0,0.36792096,test
2377,2,2,0.72772247,test
2378,3,3,0.6270183,test
2379,2,1,0.45757753,test
2380,2,2,0.85127544,test
2381,2,1,0.50234234,test
2382,3,3,0.88561386,test
2383,2,2,0.84958917,test
2384,2,3,0.52581835,test
2385,4,4,0.9095494,test
2386,4,4,0.9807082,test
2387,3,3,0.91937417,test
2388,3,3,0.60381377,test
2389,3,2,0.7998815,test
2390,3,3,0.4830992,test
2391,3,3,0.69145185,test
2392,3,3,0.48844165,test
2393,0,0,0.40221056,test
2394,0,0,0.783484,test
2395,3,3,0.94710046,test
2396,0,3,0.90851164,test
2397,3,3,0.94457436,test
2398,0,3,0.8969578,test
2399,2,2,0.94561315,test
2400,3,3,0.9698288,test
2401,1,1,0.602285,test
2402,2,2,0.9080914,test
2403,4,4,0.96014136,test
2404,3,3,0.95547867,test
2405,3,3,0.8969776,test
2406,3,2,0.40848535,test
2407,1,1,0.9816752,test
2408,5,5,0.9204913,test
2409,3,3,0.33752647,test
2410,4,4,0.72975343,test
2411,3,3,0.95045763,test
2412,2,2,0.98829776,test
2413,2,2,0.9908159,test
2414,1,1,0.87721235,test
2415,3,3,0.707862,test
2416,3,1,0.57434237,test
2417,3,3,0.9822911,test
2418,3,2,0.41771314,test
2419,3,2,0.9587913,test
2420,6,6,0.87540394,test
2421,3,1,0.5694496,test
2422,3,3,0.8631708,test
2423,3,4,0.50045997,test
2424,2,2,0.95882756,test
2425,3,3,0.9991565,test
2426,2,2,0.979047,test
2427,4,4,0.58249897,test
2428,2,2,0.994086,test
2429,4,4,0.5928774,test
2430,1,0,0.4714792,test
2431,5,5,0.9968009,test
2432,4,4,0.9754681,test
2433,2,2,0.9992391,test
2434,5,5,0.97596186,test
2435,3,4,0.36230478,test
2436,3,3,0.96675795,test
2437,4,4,0.49713385,test
2438,6,6,0.89135236,test
2439,3,0,0.339892,test
2440,2,2,0.9643356,test
2441,2,2,0.9763855,test
2442,2,2,0.9992508,test
2443,5,5,0.48302138,test
2444,4,4,0.9855268,test
2445,4,4,0.9773053,test
2446,4,4,0.89944905,test
2447,4,4,0.99647105,test
2448,6,5,0.7327455,test
2449,3,3,0.93824947,test
2450,2,2,0.98651856,test
2451,2,2,0.9875842,test
2452,0,4,0.3103982,test
2453,2,3,0.425641,test
2454,2,3,0.39073431,test
2455,2,1,0.47081015,test
2456,2,2,0.9166579,test
2457,2,2,0.9874729,test
2458,3,3,0.90991044,test
2459,3,3,0.9841965,test
2460,3,3,0.9834651,test
2461,4,4,0.7261671,test
2462,4,4,0.6859003,test
2463,4,4,0.63695204,test
2464,4,4,0.8017515,test
2465,4,4,0.81846243,test
2466,4,4,0.82019943,test
2467,4,4,0.45913762,test
2468,4,4,0.68727905,test
2469,4,4,0.69110394,test
2470,4,4,0.94776785,test
2471,4,4,0.7678129,test
2472,4,4,0.700319,test
2473,4,4,0.7062273,test
2474,4,4,0.95840394,test
2475,2,2,0.9976144,test
2476,2,3,0.76279753,test
2477,2,2,0.97083765,test
2478,3,3,0.42531347,test
2479,3,3,0.95991915,test
2480,3,3,0.49117616,test
2481,3,3,0.67025167,test
2482,0,3,0.5579137,test
2483,3,3,0.9462767,test
2484,3,3,0.9712738,test
